Altmetric Attention Score,Publication Date,Number of Dimensions citations
2,1/2/2015,10
2,1/2/2015,52
3,1/2/2015,26
7,1/2/2015,2
12,1/2/2015,23
14,1/2/2015,53
35,1/2/2015,27
38,1/2/2015,38
52,1/2/2015,17
53,1/2/2015,58
156,1/2/2015,281
322,1/2/2015,24
2,1/6/2015,15
4,1/6/2015,17
5,1/6/2015,13
6,1/6/2015,0
12,1/6/2015,15
6,1/7/2015,42
10,1/8/2015,22
1,1/9/2015,18
4,1/9/2015,31
6,1/9/2015,3
16,1/9/2015,25
31,1/9/2015,37
5,1/13/2015,13
5,1/13/2015,5
15,1/13/2015,8
24,1/13/2015,41
1,1/19/2015,0
1,1/19/2015,1
2,1/19/2015,1
2,1/19/2015,9
6,1/19/2015,8
60,1/21/2015,40
3,1/26/2015,22
6,1/26/2015,9
7,1/26/2015,8
3,1/28/2015,4
8,1/28/2015,4
89,1/29/2015,69
8,2/2/2015,12
7,2/3/2015,50
18,2/3/2015,48
4,2/4/2015,26
11,2/5/2015,3
46,2/6/2015,26
29,2/11/2015,32
1,2/16/2015,15
1,2/16/2015,6
5,2/16/2015,5
8,2/16/2015,51
15,2/16/2015,18
46,2/16/2015,64
4,2/17/2015,21
36,2/17/2015,22
13,2/19/2015,15
9,2/23/2015,43
2,2/24/2015,10
4,2/24/2015,3
1,2/25/2015,24
3,2/26/2015,45
57,2/26/2015,91
4,3/4/2015,10
37,3/6/2015,58
3,3/9/2015,29
4,3/9/2015,8
5,3/9/2015,11
20,3/9/2015,56
51,3/9/2015,13
2,3/11/2015,0
5,3/11/2015,1
13,3/12/2015,22
21,3/12/2015,16
78,3/12/2015,59
34,3/13/2015,74
13,3/16/2015,55
18,3/16/2015,27
23,3/16/2015,78
26,3/16/2015,34
141,3/16/2015,75
34,3/18/2015,75
5,3/19/2015,8
12,3/19/2015,54
14,3/20/2015,19
33,3/20/2015,22
35,3/20/2015,33
48,3/20/2015,137
6,3/23/2015,3
26,3/23/2015,29
5,3/25/2015,58
6,3/27/2015,38
7,3/27/2015,10
7,3/27/2015,24
11,3/31/2015,7
14,3/31/2015,17
24,4/2/2015,33
3,4/7/2015,10
13,4/7/2015,21
60,4/7/2015,42
296,4/7/2015,55
8,4/9/2015,30
11,4/9/2015,8
20,4/10/2015,41
7,4/14/2015,11
1,4/17/2015,17
5,4/20/2015,11
11,4/20/2015,18
4,4/21/2015,17
5,4/24/2015,5
37,4/27/2015,69
5,4/28/2015,17
23,4/28/2015,69
25,4/28/2015,10
6,4/30/2015,8
53,4/30/2015,13
4,5/5/2015,14
16,5/5/2015,21
1,5/14/2015,26
10,5/14/2015,8
17,5/14/2015,79
63,5/18/2015,14
8,5/21/2015,4
12,5/21/2015,10
10,5/26/2015,59
11,5/26/2015,6
23,5/28/2015,31
4,5/29/2015,15
7,6/2/2015,6
6,6/5/2015,4
32,6/5/2015,30
5,6/8/2015,5
16,6/8/2015,50
27,6/8/2015,102
0,6/10/2015,0
8,6/10/2015,10
7,6/11/2015,32
9,6/11/2015,10
9,6/11/2015,19
7,6/12/2015,27
712,6/12/2015,79
6,6/16/2015,6
3,6/18/2015,15
5,6/18/2015,10
9,6/18/2015,20
6,6/19/2015,17
7,6/19/2015,14
17,6/22/2015,61
13,6/25/2015,41
21,6/29/2015,78
4,7/3/2015,34
50,7/3/2015,12
2,7/6/2015,31
15,7/6/2015,33
42,7/6/2015,41
6,7/8/2015,39
12,7/8/2015,30
311,7/9/2015,32
2,7/13/2015,9
85,7/13/2015,97
4,7/15/2015,8
5,7/15/2015,11
11,7/15/2015,33
20,7/15/2015,111
43,7/15/2015,48
102,7/15/2015,64
7,7/16/2015,36
2,7/17/2015,7
3,7/17/2015,33
7,7/17/2015,47
10,7/17/2015,39
3,7/20/2015,0
16,7/20/2015,17
5,7/21/2015,52
7,7/21/2015,21
5,7/22/2015,18
8,7/22/2015,13
10,7/22/2015,11
14,7/22/2015,71
1,7/24/2015,24
6,7/24/2015,56
6,7/24/2015,60
12,7/24/2015,26
3,7/27/2015,34
2,7/29/2015,6
5,7/29/2015,42
11,7/29/2015,38
81,7/29/2015,153
4,7/31/2015,48
6,7/31/2015,9
3,8/4/2015,27
4,8/4/2015,12
8,8/4/2015,6
15,8/4/2015,8
7,8/7/2015,12
11,8/7/2015,10
5,8/10/2015,35
5,8/10/2015,36
5,8/10/2015,11
15,8/10/2015,27
5,8/12/2015,18
7,8/12/2015,6
1,8/17/2015,3
10,8/17/2015,21
3,8/19/2015,47
5,8/20/2015,1
15,8/20/2015,29
7,8/24/2015,11
3,9/1/2015,10
5,9/1/2015,16
6,9/3/2015,10
77,9/3/2015,43
8,9/7/2015,8
27,9/7/2015,7
5,9/11/2015,47
6,9/11/2015,19
7,9/11/2015,20
8,9/11/2015,97
1,9/14/2015,10
1,9/14/2015,10
2,9/14/2015,59
30,9/14/2015,21
38,9/14/2015,22
46,9/14/2015,22
2,9/16/2015,11
12,9/16/2015,9
11,9/18/2015,15
40,9/18/2015,64
6,9/21/2015,12
27,9/21/2015,95
26,9/22/2015,147
49,9/23/2015,53
8,9/25/2015,10
14,9/25/2015,23
167,9/25/2015,63
13,9/29/2015,48
5,9/30/2015,12
5,10/2/2015,4
2,10/5/2015,7
5,10/5/2015,46
5,10/9/2015,12
12,10/13/2015,30
17,10/16/2015,14
9,10/20/2015,20
4,10/21/2015,20
60,10/26/2015,72
15,10/27/2015,33
86,10/27/2015,102
3,10/29/2015,7
24,10/29/2015,58
1,10/30/2015,0
13,10/30/2015,20
24,10/30/2015,21
23,11/2/2015,33
15,11/3/2015,27
79,11/4/2015,127
3,11/5/2015,14
2,11/6/2015,5
2,11/7/2015,11
21,11/16/2015,11
29,11/16/2015,24
1,11/17/2015,2
68,11/18/2015,63
19,11/19/2015,32
18,11/20/2015,48
6,11/23/2015,19
0,11/25/2015,0
0,11/25/2015,0
0,11/25/2015,0
0,11/25/2015,0
0,11/25/2015,0
0,11/25/2015,0
0,11/25/2015,0
0,11/25/2015,0
1,11/25/2015,2
1,11/25/2015,2
1,11/25/2015,0
1,11/25/2015,0
1,11/25/2015,1
3,11/25/2015,0
1,11/27/2015,0
26,11/27/2015,123
3,11/30/2015,21
8,11/30/2015,4
7,12/2/2015,44
7,12/2/2015,40
8,12/2/2015,17
6,12/3/2015,18
42,12/3/2015,11
10,12/4/2015,16
35,12/4/2015,82
2,12/5/2015,8
6,12/8/2015,12
39,12/8/2015,79
96,12/9/2015,79
4,12/11/2015,27
5,12/11/2015,1
0,12/14/2015,1
3,12/14/2015,12
6,12/14/2015,18
8,12/14/2015,24
11,12/14/2015,9
37,12/14/2015,48
37,12/14/2015,57
45,12/14/2015,86
25,12/17/2015,52
1,12/21/2015,12
3,12/22/2015,14
3,12/22/2015,75
4,12/22/2015,5
9,12/23/2015,23
116,12/23/2015,31
13,12/24/2015,37
20,12/24/2015,52
70,12/24/2015,33
0,12/28/2015,0
3,12/28/2015,36
7,12/28/2015,38
9,12/28/2015,11
10,12/28/2015,35
2,12/29/2015,10
20,12/29/2015,61
1,1/1/2016,0
3,1/6/2016,8
54,1/6/2016,13
74,1/6/2016,67
9,1/11/2016,15
29,1/11/2016,27
69,1/11/2016,103
5,1/12/2016,7
10,1/12/2016,9
5,1/13/2016,1
5,1/13/2016,15
7,1/13/2016,13
21,1/13/2016,56
8,1/19/2016,10
24,1/20/2016,27
27,1/20/2016,31
5,1/22/2016,29
4,1/25/2016,7
16,1/25/2016,5
4,1/28/2016,22
8,1/28/2016,7
9,1/29/2016,20
11,1/29/2016,31
12,2/2/2016,67
4,2/5/2016,27
2,2/6/2016,14
4,2/6/2016,44
8,2/6/2016,102
16,2/6/2016,41
44,2/6/2016,31
4,2/8/2016,27
8,2/8/2016,16
4,2/9/2016,14
11,2/9/2016,12
6,2/10/2016,0
23,2/10/2016,58
21,2/12/2016,38
9,2/15/2016,35
7,2/16/2016,12
13,2/16/2016,19
3,2/18/2016,42
6,2/18/2016,5
11,2/18/2016,18
8,2/22/2016,11
10,2/22/2016,50
9,2/24/2016,28
28,2/24/2016,4
5,2/25/2016,4
6,2/25/2016,11
7,2/25/2016,20
8,2/25/2016,13
4,2/26/2016,13
7,2/26/2016,32
8,2/26/2016,37
5,2/29/2016,6
5,2/29/2016,14
10,2/29/2016,88
17,2/29/2016,98
2,3/1/2016,10
4,3/1/2016,7
13,3/1/2016,15
37,3/1/2016,81
47,3/1/2016,34
263,3/1/2016,29
16,3/2/2016,49
46,3/2/2016,54
2,3/3/2016,26
12,3/3/2016,52
31,3/3/2016,17
49,3/3/2016,12
2,3/4/2016,12
2,3/4/2016,11
3,3/4/2016,3
6,3/4/2016,11
8,3/4/2016,7
2,3/7/2016,16
8,3/7/2016,24
23,3/7/2016,31
69,3/7/2016,140
14,3/8/2016,26
5,3/9/2016,10
68,3/10/2016,73
2,3/11/2016,18
3,3/11/2016,21
4,3/11/2016,17
5,3/11/2016,15
9,3/11/2016,11
39,3/15/2016,28
2,3/16/2016,3
5,3/16/2016,15
74,3/16/2016,23
8,3/17/2016,27
14,3/17/2016,12
19,3/17/2016,11
12,3/21/2016,31
13,3/21/2016,48
117,3/21/2016,24
38,3/22/2016,33
5,3/23/2016,2
7,3/23/2016,11
12,3/23/2016,28
13,3/23/2016,14
6,3/24/2016,91
25,3/24/2016,103
12,3/25/2016,23
17,3/25/2016,22
3,3/28/2016,14
7,3/28/2016,14
7,3/28/2016,20
9,3/28/2016,18
9,3/28/2016,12
11,3/28/2016,26
13,3/28/2016,5
13,3/28/2016,2
18,3/28/2016,18
23,3/28/2016,0
38,3/28/2016,35
10,3/30/2016,8
18,3/30/2016,7
23,3/30/2016,15
23,3/30/2016,39
1,4/1/2016,16
3,4/1/2016,63
8,4/4/2016,29
27,4/4/2016,54
71,4/6/2016,34
13,4/7/2016,37
88,4/7/2016,123
3,4/8/2016,45
2,4/11/2016,2
29,4/11/2016,53
4,4/12/2016,2
4,4/12/2016,25
16,4/12/2016,18
21,4/12/2016,31
3,4/13/2016,43
6,4/15/2016,55
11,4/15/2016,30
11,4/18/2016,22
13,4/18/2016,2
87,4/18/2016,30
159,4/20/2016,30
9,4/21/2016,7
1,4/22/2016,3
5,4/22/2016,2
8,4/22/2016,22
7,4/26/2016,48
9,4/26/2016,14
43,4/27/2016,47
44,4/27/2016,2
12,4/28/2016,39
6,4/30/2016,11
28,4/30/2016,88
5,5/2/2016,30
10,5/2/2016,17
53,5/2/2016,16
16,5/4/2016,116
5,5/5/2016,21
8,5/5/2016,50
8,5/5/2016,4
5,5/7/2016,4
20,5/7/2016,17
55,5/7/2016,33
5,5/9/2016,34
2,5/10/2016,4
1,5/11/2016,19
4,5/11/2016,20
6,5/11/2016,10
4,5/12/2016,115
6,5/12/2016,26
6,5/13/2016,7
21,5/13/2016,62
207,5/13/2016,79
11,5/18/2016,36
9,5/21/2016,16
13,5/21/2016,15
22,5/21/2016,39
24,5/21/2016,30
2,5/23/2016,16
4,5/23/2016,11
11,5/23/2016,46
14,5/23/2016,45
50,5/23/2016,22
3,5/30/2016,8
10,5/30/2016,26
12,5/30/2016,9
24,5/30/2016,17
128,5/30/2016,100
16,5/31/2016,6
4,6/2/2016,7
190,6/6/2016,29
9,6/7/2016,33
24,6/7/2016,12
4,6/8/2016,5
7,6/8/2016,7
13,6/8/2016,11
41,6/8/2016,39
43,6/9/2016,54
13,6/13/2016,23
156,6/13/2016,21
8,6/14/2016,38
14,6/14/2016,13
2,6/16/2016,13
1,6/21/2016,11
24,6/22/2016,17
13,6/28/2016,15
3,6/29/2016,26
5,6/30/2016,10
12,6/30/2016,4
15,7/4/2016,4
18,7/4/2016,3
6,7/8/2016,10
6,7/8/2016,6
10,7/8/2016,0
35,7/8/2016,47
3,7/11/2016,8
6,7/11/2016,4
8,7/11/2016,11
10,7/11/2016,5
16,7/11/2016,12
5,7/14/2016,30
10,7/14/2016,19
2,7/19/2016,5
3,7/19/2016,5
4,7/19/2016,21
8,7/19/2016,31
8,7/19/2016,17
9,7/19/2016,11
326,7/19/2016,380
8,7/20/2016,20
31,7/20/2016,47
1,7/21/2016,19
2,7/25/2016,11
7,7/25/2016,15
17,7/25/2016,56
22,7/25/2016,77
88,7/25/2016,24
4,7/26/2016,3
4,7/26/2016,16
8,7/27/2016,11
11,7/28/2016,7
17,7/29/2016,14
20,7/29/2016,45
28,7/29/2016,17
3,7/30/2016,2
4,7/30/2016,17
4,8/1/2016,13
6,8/1/2016,5
6,8/1/2016,5
6,8/1/2016,2
7,8/1/2016,7
14,8/1/2016,6
30,8/1/2016,12
2,8/2/2016,11
7,8/2/2016,11
33,8/2/2016,23
5,8/3/2016,15
5,8/3/2016,9
39,8/3/2016,15
17,8/4/2016,41
1,8/5/2016,14
16,8/5/2016,11
84,8/6/2016,22
3,8/8/2016,16
1,8/11/2016,18
1,8/11/2016,8
1,8/11/2016,13
7,8/11/2016,12
1,8/12/2016,41
50,8/12/2016,81
15,8/17/2016,27
26,8/18/2016,103
1,8/19/2016,3
2,8/19/2016,27
2,8/19/2016,11
4,8/19/2016,21
14,8/19/2016,41
9,8/23/2016,18
1,8/24/2016,7
1,8/25/2016,30
5,8/25/2016,32
7,8/25/2016,25
9,8/25/2016,3
8,8/26/2016,24
14,8/26/2016,15
5,8/29/2016,44
8,8/29/2016,25
37,8/30/2016,25
27,8/31/2016,22
3,9/2/2016,19
1,9/3/2016,22
5,9/3/2016,8
114,9/3/2016,28
1,9/6/2016,10
1,9/6/2016,12
3,9/6/2016,41
32,9/6/2016,41
7,9/7/2016,24
7,9/8/2016,33
11,9/8/2016,16
3,9/9/2016,27
2,9/12/2016,10
11,9/12/2016,14
23,9/13/2016,37
12,9/14/2016,11
16,9/15/2016,21
13,9/16/2016,3
13,9/19/2016,31
9,9/21/2016,12
11,9/22/2016,12
16,9/22/2016,21
4,9/26/2016,2
22,9/26/2016,21
48,9/26/2016,7
104,9/26/2016,2
7,9/29/2016,19
10,9/29/2016,25
13,10/3/2016,40
16,10/3/2016,20
18,10/3/2016,17
2,10/4/2016,1
11,10/4/2016,10
20,10/4/2016,25
2,10/6/2016,12
5,10/6/2016,10
5,10/7/2016,18
9,10/8/2016,32
12,10/8/2016,6
26,10/8/2016,45
2,10/11/2016,16
2,10/11/2016,49
6,10/11/2016,17
30,10/11/2016,19
17,10/12/2016,50
2,10/13/2016,11
2,10/13/2016,7
18,10/13/2016,22
6,10/15/2016,7
6,10/15/2016,15
270,10/15/2016,18
6,10/18/2016,7
12,10/18/2016,9
94,10/20/2016,91
10,10/25/2016,8
14,10/25/2016,16
5,11/1/2016,2
45,11/1/2016,27
42,11/2/2016,14
10,11/4/2016,12
16,11/4/2016,11
13,11/7/2016,25
8,11/14/2016,32
29,11/15/2016,42
33,11/15/2016,2
7,11/16/2016,33
17,11/16/2016,24
6,11/17/2016,4
8,11/17/2016,5
11,11/18/2016,14
12,11/18/2016,20
18,11/18/2016,16
3,11/21/2016,26
8,11/21/2016,24
10,11/21/2016,21
27,11/21/2016,28
1,11/23/2016,13
3,11/23/2016,7
6,11/23/2016,30
24,11/23/2016,46
14,11/24/2016,37
1,11/25/2016,3
1,11/26/2016,13
2,11/26/2016,2
15,11/28/2016,37
17,11/28/2016,25
19,11/29/2016,69
3,11/30/2016,7
9,12/1/2016,32
84,12/1/2016,21
7,12/5/2016,50
11,12/6/2016,6
97,12/6/2016,80
1,12/9/2016,24
3,12/9/2016,15
5,12/9/2016,4
8,12/9/2016,15
10,12/9/2016,25
16,12/9/2016,34
20,12/9/2016,28
1,12/12/2016,3
2,12/12/2016,8
3,12/12/2016,19
3,12/12/2016,12
20,12/12/2016,54
87,12/12/2016,55
15,12/14/2016,15
1,12/15/2016,8
1,12/16/2016,6
32,12/16/2016,42
22,12/21/2016,15
13,12/22/2016,5
68,12/22/2016,27
18,12/23/2016,24
6,12/26/2016,14
16,12/26/2016,9
18,12/26/2016,29
3,12/27/2016,5
8,12/27/2016,17
4,12/28/2016,21
13,12/30/2016,16
1,1/1/2017,0
3,1/1/2017,0
9,1/3/2017,15
3,1/5/2017,38
7,1/5/2017,5
9,1/5/2017,20
9,1/6/2017,10
18,1/6/2017,9
40,1/7/2017,53
1,1/11/2017,0
19,1/12/2017,24
3,1/16/2017,29
10,1/16/2017,51
19,1/17/2017,18
85,1/18/2017,28
122,1/18/2017,91
17,1/19/2017,16
14,1/20/2017,16
4,1/23/2017,15
6,1/26/2017,5
12,1/26/2017,22
1,1/30/2017,16
24,1/30/2017,31
4,1/31/2017,33
59,2/1/2017,77
1,2/8/2017,18
6,2/9/2017,2
18,2/9/2017,12
47,2/9/2017,49
10,2/13/2017,16
10,2/14/2017,0
85,2/14/2017,17
19,2/15/2017,29
6,2/17/2017,11
19,2/20/2017,28
4,2/21/2017,2
14,2/21/2017,4
4,2/23/2017,17
13,2/23/2017,24
1,3/1/2017,23
5,3/2/2017,15
12,3/4/2017,29
1,3/7/2017,0
80,3/7/2017,22
15,3/8/2017,6
14,3/10/2017,11
44,3/13/2017,73
5,3/15/2017,12
6,3/15/2017,5
5,3/17/2017,20
8,3/17/2017,1
4,3/18/2017,27
1,3/21/2017,41
2,3/21/2017,1
3,3/21/2017,0
3,3/24/2017,6
11,3/24/2017,7
13,3/27/2017,66
2,3/28/2017,2
2,3/30/2017,37
5,3/30/2017,3
6,3/30/2017,25
3,4/3/2017,6
5,4/3/2017,10
2,4/5/2017,18
7,4/5/2017,9
11,4/10/2017,27
21,4/10/2017,15
41,4/10/2017,1
13,4/13/2017,5
18,4/13/2017,12
44,4/13/2017,16
1,4/18/2017,27
3,4/18/2017,10
4,4/18/2017,12
6,4/19/2017,9
1,4/20/2017,3
1,4/20/2017,3
9,4/20/2017,9
25,4/21/2017,15
7,4/28/2017,20
5,5/3/2017,43
2,5/4/2017,0
4,5/4/2017,14
5,5/4/2017,15
5,5/5/2017,4
4,5/8/2017,9
4,5/8/2017,55
37,5/8/2017,39
52,5/8/2017,16
67,5/8/2017,26
7,5/12/2017,25
3,5/13/2017,12
10,5/16/2017,22
42,5/17/2017,22
2,5/21/2017,8
9,5/22/2017,20
11,5/22/2017,11
12,5/22/2017,11
71,5/22/2017,32
15,5/23/2017,60
29,5/23/2017,10
1,5/24/2017,16
3,5/24/2017,13
14,5/24/2017,19
44,5/25/2017,20
58,5/31/2017,22
6,6/5/2017,38
5,6/8/2017,6
16,6/12/2017,45
1,6/15/2017,1
4,6/16/2017,41
4,6/16/2017,14
257,6/16/2017,12
1,6/19/2017,20
42,6/19/2017,33
82,6/19/2017,110
2,6/20/2017,0
4,6/21/2017,7
17,6/21/2017,29
23,6/21/2017,176
8,6/22/2017,15
9,6/22/2017,12
2,6/23/2017,19
6,6/23/2017,9
32,6/23/2017,8
1,6/26/2017,7
2,6/26/2017,2
6,6/26/2017,20
16,6/26/2017,54
3,6/28/2017,3
10,6/28/2017,23
2,6/30/2017,13
2,6/30/2017,9
24,6/30/2017,12
5,7/3/2017,7
10,7/3/2017,10
1,7/4/2017,19
1,7/4/2017,0
3,7/4/2017,20
5,7/4/2017,4
1,7/5/2017,1
74,7/5/2017,7
7,7/6/2017,5
10,7/7/2017,10
15,7/7/2017,9
28,7/7/2017,25
25,7/12/2017,33
28,7/13/2017,9
2,7/14/2017,13
9,7/14/2017,25
4,7/18/2017,4
8,7/19/2017,14
23,7/20/2017,18
20,7/21/2017,12
1,7/25/2017,15
87,7/25/2017,27
20,7/26/2017,21
10,7/27/2017,8
36,7/27/2017,10
14,7/31/2017,11
2,8/2/2017,17
32,8/2/2017,223
60,8/3/2017,24
1,8/4/2017,1
74,8/4/2017,11
15,8/7/2017,11
62,8/7/2017,10
241,8/7/2017,82
4,8/8/2017,4
1,8/9/2017,8
10,8/10/2017,13
1,8/11/2017,32
7,8/16/2017,5
3,8/18/2017,0
1,8/21/2017,26
1,8/22/2017,0
76,8/23/2017,13
7,8/29/2017,20
12,9/1/2017,10
1,9/4/2017,0
2,9/4/2017,42
3,9/4/2017,5
13,9/5/2017,2
25,9/5/2017,44
72,9/5/2017,58
3,9/7/2017,14
6,9/11/2017,6
80,9/11/2017,16
80,9/11/2017,42
3,9/12/2017,26
11,9/12/2017,19
18,9/12/2017,21
33,9/14/2017,36
2,9/18/2017,30
17,9/18/2017,6
14,9/25/2017,13
11,10/3/2017,8
9,10/7/2017,8
42,10/7/2017,33
1,10/9/2017,10
2,10/9/2017,5
12,10/10/2017,12
61,10/10/2017,29
30,10/11/2017,41
12,10/16/2017,8
1,10/17/2017,7
13,10/25/2017,11
13,10/31/2017,22
134,10/31/2017,46
18,11/1/2017,34
54,11/1/2017,8
33,11/2/2017,17
3,11/3/2017,7
4,11/3/2017,13
5,11/3/2017,18
22,11/3/2017,20
41,11/3/2017,25
49,11/3/2017,48
7,11/6/2017,16
13,11/8/2017,15
8,11/10/2017,45
18,11/10/2017,45
35,11/10/2017,87
76,11/10/2017,88
2,11/13/2017,3
23,11/13/2017,25
25,11/14/2017,3
16,11/16/2017,10
4,11/17/2017,5
5,11/20/2017,8
3,11/21/2017,1
5,11/21/2017,17
5,11/21/2017,13
318,11/21/2017,44
5,11/24/2017,3
6,11/24/2017,13
10,11/27/2017,23
20,11/27/2017,17
96,11/28/2017,65
7,11/29/2017,2
15,11/29/2017,34
15,12/1/2017,61
21,12/1/2017,12
36,12/1/2017,22
161,12/1/2017,73
3,12/4/2017,2
14,12/6/2017,9
30,12/6/2017,105
5,12/7/2017,17
8,12/13/2017,5
9,12/13/2017,16
13,12/15/2017,5
3,12/18/2017,17
24,12/20/2017,63
3,12/22/2017,16
3,12/22/2017,7
44,12/25/2017,16
3,12/29/2017,1
5,12/30/2017,0
1,1/1/2018,0
1,1/1/2018,0
33,1/4/2018,11
40,1/4/2018,22
5,1/8/2018,31
8,1/9/2018,14
469,1/9/2018,29
1,1/10/2018,55
4,1/10/2018,37
6,1/10/2018,21
12,1/11/2018,36
3,1/15/2018,19
31,1/15/2018,23
37,1/15/2018,14
21,1/16/2018,6
1,1/18/2018,12
1,1/18/2018,0
30,1/18/2018,33
41,1/18/2018,17
10,1/19/2018,3
21,1/19/2018,9
45,1/19/2018,9
36,1/23/2018,70
3,1/24/2018,11
7,1/25/2018,20
6,1/29/2018,19
20,1/30/2018,12
5,1/31/2018,11
10,2/1/2018,0
80,2/1/2018,28
7,2/2/2018,52
18,2/2/2018,20
7,2/4/2018,5
4,2/5/2018,18
5,2/5/2018,33
18,2/6/2018,27
5,2/8/2018,24
3,2/10/2018,8
5,2/12/2018,16
5,2/15/2018,18
20,2/15/2018,7
4,2/21/2018,12
1,2/22/2018,6
7,2/22/2018,13
4,2/23/2018,13
16,2/23/2018,24
34,2/23/2018,6
22,2/24/2018,31
3,2/27/2018,4
4,3/1/2018,37
6,3/1/2018,9
7,3/2/2018,14
10,3/6/2018,11
15,3/6/2018,12
20,3/7/2018,26
1,3/8/2018,18
12,3/8/2018,3
4,3/9/2018,15
15,3/9/2018,16
34,3/9/2018,13
66,3/9/2018,7
139,3/9/2018,41
10,3/11/2018,3
8,3/13/2018,37
1,3/15/2018,51
3,3/20/2018,7
7,3/21/2018,9
12,3/22/2018,17
11,3/23/2018,4
1,3/26/2018,22
1,3/26/2018,31
5,3/27/2018,9
24,3/28/2018,15
10,3/29/2018,24
34,3/29/2018,19
7,3/30/2018,7
10,4/2/2018,14
24,4/2/2018,48
12,4/3/2018,52
3,4/4/2018,39
5,4/5/2018,35
35,4/5/2018,17
36,4/6/2018,30
53,4/9/2018,20
2,4/11/2018,22
3,4/11/2018,2
8,4/11/2018,35
2,4/12/2018,2
20,4/16/2018,10
265,4/16/2018,44
12,4/18/2018,26
294,4/18/2018,38
6,4/19/2018,11
25,4/20/2018,41
12,4/24/2018,6
23,4/24/2018,13
2,4/25/2018,9
13,4/26/2018,44
19,4/26/2018,21
37,4/26/2018,62
2,4/27/2018,2
12,4/27/2018,14
2,4/30/2018,7
2,4/30/2018,37
8,4/30/2018,5
9,4/30/2018,16
5,5/1/2018,8
8,5/1/2018,0
29,5/3/2018,23
4,5/8/2018,8
15,5/8/2018,14
16,5/8/2018,8
9,5/9/2018,7
20,5/9/2018,38
1,5/10/2018,18
2,5/10/2018,12
2,5/10/2018,27
5,5/10/2018,11
1,5/15/2018,1
2,5/15/2018,16
4,5/18/2018,7
4,5/22/2018,15
28,5/22/2018,5
11,5/23/2018,25
26,5/23/2018,4
30,5/23/2018,36
3,5/28/2018,5
7,5/28/2018,1
16,5/28/2018,5
5,5/30/2018,20
53,5/30/2018,28
6,5/31/2018,5
15,5/31/2018,44
2,6/4/2018,22
4,6/4/2018,9
2,6/8/2018,15
2,6/11/2018,9
16,6/11/2018,12
23,6/11/2018,9
24,6/11/2018,50
3,6/12/2018,4
39,6/12/2018,25
2,6/13/2018,11
1,6/18/2018,7
3,6/18/2018,7
6,6/18/2018,10
7,6/18/2018,52
10,6/18/2018,24
12,6/18/2018,13
20,6/18/2018,13
52,6/18/2018,63
27,6/19/2018,47
6,6/20/2018,7
6,6/22/2018,4
55,6/22/2018,14
3,6/26/2018,9
1,6/27/2018,10
23,6/27/2018,28
12,6/29/2018,21
72,7/2/2018,22
21,7/3/2018,17
12,7/4/2018,13
13,7/5/2018,8
11,7/7/2018,19
10,7/12/2018,22
11,7/14/2018,10
22,7/18/2018,3
11,7/19/2018,7
35,7/19/2018,51
27,7/23/2018,15
1,7/30/2018,18
6,7/30/2018,11
7,7/30/2018,23
15,7/30/2018,9
25,7/30/2018,18
1,8/1/2018,36
4,8/1/2018,9
6,8/1/2018,36
6,8/1/2018,14
14,8/1/2018,18
11,8/2/2018,9
16,8/2/2018,30
1,8/3/2018,5
1,8/3/2018,9
2,8/3/2018,4
2,8/7/2018,7
4,8/7/2018,9
21,8/7/2018,6
32,8/7/2018,36
1,8/10/2018,9
15,8/14/2018,32
1,8/16/2018,15
1,8/20/2018,1
22,8/22/2018,29
1,8/24/2018,10
7,9/3/2018,15
4,9/6/2018,12
25,9/12/2018,14
1,9/21/2018,14
7,9/22/2018,36
24,9/22/2018,24
3,10/4/2018,1
2,10/5/2018,3
1,10/11/2018,14
1,10/11/2018,10
1,10/11/2018,17
7,10/11/2018,16
26,10/11/2018,37
34,10/11/2018,161
34,10/11/2018,34
111,10/11/2018,21
2,10/12/2018,12
1,10/13/2018,8
2,10/13/2018,8
3,10/13/2018,23
4,10/13/2018,5
6,10/13/2018,9
8,10/13/2018,7
9,10/13/2018,5
13,10/13/2018,12
31,10/13/2018,33
45,10/13/2018,12
1,10/16/2018,28
3,10/16/2018,15
6,10/16/2018,17
8,10/16/2018,12
9,10/16/2018,20
14,10/16/2018,13
16,10/16/2018,16
2,10/17/2018,22
4,10/17/2018,38
10,10/17/2018,25
10,10/17/2018,15
5,10/25/2018,8
11,10/25/2018,24
103,10/27/2018,25
7,10/29/2018,28
13,10/29/2018,30
21,10/29/2018,95
32,10/29/2018,9
9,10/31/2018,4
56,10/31/2018,38
28,11/2/2018,31
3,11/4/2018,9
5,11/4/2018,13
23,11/4/2018,6
2,11/13/2018,23
2,11/13/2018,0
7,11/14/2018,64
8,11/14/2018,15
17,11/14/2018,74
17,11/14/2018,47
2,11/15/2018,13
4,11/15/2018,12
19,11/15/2018,16
4,11/16/2018,2
3,11/17/2018,1
2,11/19/2018,12
8,11/19/2018,9
27,11/20/2018,3
14,11/21/2018,6
3,11/23/2018,16
29,11/24/2018,19
18,11/27/2018,18
4,11/30/2018,8
2,12/5/2018,16
7,12/11/2018,14
18,12/11/2018,12
1,12/13/2018,27
1,12/13/2018,8
2,12/13/2018,2
3,12/14/2018,1
5,12/14/2018,15
4,12/17/2018,2
7,12/17/2018,23
10,12/17/2018,9
16,12/17/2018,11
311,12/17/2018,78
5,12/18/2018,1
9,12/18/2018,38
9,12/18/2018,39
4,12/20/2018,5
15,12/21/2018,21
20,12/21/2018,23
1,12/24/2018,18
1,12/24/2018,11
4,12/24/2018,11
16,12/24/2018,10
34,12/24/2018,33
18,12/25/2018,27
8,12/27/2018,17
2,12/30/2018,3
0,1/1/2019,0
27,1/3/2019,49
20,1/7/2019,18
1,1/9/2019,7
2,1/11/2019,6
2,1/15/2019,0
82,1/16/2019,13
12,1/18/2019,5
49,1/18/2019,80
15,1/22/2019,14
4,1/24/2019,16
1,1/29/2019,14
22,1/29/2019,15
4,2/4/2019,12
6,2/4/2019,9
8,2/4/2019,33
2,2/6/2019,2
3,2/6/2019,2
5,2/6/2019,5
15,2/6/2019,37
34,2/6/2019,14
1,2/12/2019,12
4,2/12/2019,10
12,2/12/2019,9
5,2/15/2019,6
1,2/16/2019,15
1,2/16/2019,2
4,2/16/2019,4
7,2/16/2019,10
38,2/16/2019,29
1,2/19/2019,0
12,2/20/2019,28
7,2/27/2019,14
18,2/27/2019,3
3,3/1/2019,23
3,3/1/2019,14
6,3/1/2019,31
19,3/1/2019,15
2,3/5/2019,17
3,3/5/2019,0
10,3/5/2019,4
15,3/5/2019,20
1,3/7/2019,9
29,3/12/2019,35
19,3/17/2019,22
11,3/20/2019,6
12,3/20/2019,25
6,3/21/2019,8
9,3/21/2019,4
13,3/21/2019,26
20,3/22/2019,8
50,3/23/2019,2
1,3/25/2019,13
10,3/25/2019,22
7,3/27/2019,11
11,3/28/2019,2
1,3/30/2019,12
6,3/30/2019,17
1,4/1/2019,4
1,4/2/2019,5
1,4/2/2019,4
9,4/3/2019,14
5,4/4/2019,21
2,4/9/2019,3
4,4/9/2019,26
54,4/9/2019,12
4,4/11/2019,16
5,4/15/2019,15
1,4/19/2019,9
2,4/19/2019,13
8,4/19/2019,18
20,4/19/2019,4
8,4/22/2019,6
15,4/23/2019,7
4,4/26/2019,2
23,4/27/2019,21
4,4/29/2019,9
11,4/29/2019,7
2,5/7/2019,18
37,5/7/2019,10
5,5/8/2019,4
4,5/10/2019,4
30,5/10/2019,34
29,5/12/2019,6
12,5/13/2019,11
61,5/14/2019,17
46,5/19/2019,5
50,5/20/2019,6
2,5/24/2019,7
6,5/24/2019,23
8,5/24/2019,17
22,5/24/2019,29
24,5/24/2019,11
24,5/24/2019,35
22,5/25/2019,15
10,5/26/2019,12
23,5/26/2019,22
1,5/28/2019,1
1,5/28/2019,20
23,5/28/2019,43
28,5/28/2019,47
122,5/28/2019,6
3,6/1/2019,19
15,6/1/2019,35
5,6/2/2019,6
11,6/3/2019,16
24,6/3/2019,12
2,6/4/2019,3
8,6/4/2019,12
11,6/4/2019,30
17,6/4/2019,36
20,6/4/2019,61
3,6/6/2019,18
5,6/6/2019,14
1,6/8/2019,11
10,6/8/2019,7
11,6/8/2019,45
6,6/9/2019,9
5,6/12/2019,7
8,6/13/2019,25
1,6/14/2019,18
2,6/14/2019,4
39,6/19/2019,20
0,6/21/2019,6
1,6/21/2019,11
1,6/21/2019,19
195,6/21/2019,76
69,6/22/2019,67
7,6/23/2019,15
2,6/25/2019,11
5,6/30/2019,15
4,7/2/2019,4
34,7/5/2019,13
2,7/6/2019,3
5,7/6/2019,58
13,7/6/2019,38
4,7/11/2019,13
8,7/13/2019,14
5,7/14/2019,7
34,7/16/2019,21
2,7/18/2019,13
0,7/24/2019,22
7,7/26/2019,34
50,7/26/2019,11
2,7/28/2019,42
3,7/28/2019,21
1,7/29/2019,4
1,7/29/2019,15
13,7/29/2019,21
20,7/29/2019,36
8,7/31/2019,11
8,7/31/2019,4
40,7/31/2019,46
84,7/31/2019,24
12,8/3/2019,10
109,8/5/2019,39
33,8/7/2019,27
4,8/11/2019,4
5,8/13/2019,11
2,8/16/2019,15
5,8/16/2019,33
10,8/16/2019,9
12,8/16/2019,5
18,8/19/2019,13
27,8/19/2019,8
5,8/24/2019,2
24,8/26/2019,16
34,8/28/2019,14
5,9/3/2019,2
18,9/5/2019,10
22,9/5/2019,20
2,9/6/2019,16
7,9/6/2019,18
31,9/6/2019,30
2,9/9/2019,11
6,9/9/2019,10
6,9/9/2019,6
101,9/9/2019,7
1,9/10/2019,17
1,9/10/2019,14
7,9/15/2019,10
6,9/16/2019,18
6,9/18/2019,10
1,9/21/2019,9
5,10/1/2019,1
10,10/1/2019,5
8,10/9/2019,16
7,10/11/2019,2
1,10/13/2019,13
59,10/13/2019,34
1,10/15/2019,6
2,10/15/2019,9
2,10/15/2019,11
3,10/17/2019,15
35,10/17/2019,13
5,10/19/2019,2
5,10/19/2019,11
30,10/19/2019,21
4,10/22/2019,3
1,10/24/2019,10
3,10/28/2019,22
3,10/28/2019,3
39,10/29/2019,19
26,10/30/2019,20
6,11/2/2019,12
14,11/2/2019,17
10,11/7/2019,7
12,11/7/2019,24
4,11/8/2019,10
7,11/8/2019,10
2,11/9/2019,4
3,11/12/2019,7
216,11/12/2019,66
8,11/13/2019,7
5,11/14/2019,38
6,11/14/2019,11
1,11/17/2019,30
43,11/22/2019,17
2,11/25/2019,3
1,11/27/2019,25
4,11/27/2019,17
4,11/27/2019,7
9,11/27/2019,4
1,11/29/2019,7
1,11/29/2019,8
2,11/29/2019,1
2,11/29/2019,0
7,11/29/2019,33
11,11/29/2019,13
42,11/29/2019,6
10,12/3/2019,5
44,12/3/2019,62
3,12/6/2019,12
4,12/6/2019,1
1,12/9/2019,8
9,12/9/2019,17
13,12/9/2019,6
1,12/11/2019,14
1,12/11/2019,30
41,12/13/2019,4
1,12/14/2019,8
9,12/17/2019,21
1,12/19/2019,2
4,12/19/2019,6
13,12/22/2019,11
67,12/22/2019,44
1,12/23/2019,22
1,12/26/2019,14
2,12/26/2019,16
6,12/26/2019,13
115,12/31/2019,123
